<?xml version="1.0" encoding="UTF-8" standalone="yes"?>
<addon id="repository.pelakos" name="Pelakos Repo" version="1.0" provider-name="Pelakos">
    <extension point="xbmc.addon.repository" name="Example Repository">
        <dir>
            <info compressed="false">https://raw.githubusercontent.com/pelakos/libreelec/master/repository.pelakos/repo/zips/addons.xml</info>
            <checksum>https://raw.githubusercontent.com/pelakos/libreelec/master/repository.pelakos/repo/zips/addons.xml.md5</checksum>
            <datadir zip="true">https://raw.githubusercontent.com/pelakos/libreelec/master/repository.pelakos/repo/zips/</datadir>
        </dir>
    </extension>
    <extension point="xbmc.addon.metadata">
        <summary>Pelakos Repo</summary>
        <description>Addons by Pelakos</description>
        <disclaimer></disclaimer>
        <platform>all</platform>
        <assets>
            <icon>icon.png</icon>
            <fanart>fanart.jpg</fanart>
        </assets>
    </extension>
</addon>